A,B,C,D,E,F,G,H,I,J,K
01.07.2019,"2.967,75","2.964,00","2.982,25","2.955,50",206810,"0,80%""","1,00","21,75","21,72251706","3,320798585"
02.07.2019,"2.979,50","2.967,75","2.980,25","2.958,50",191240,"0,40%""","2,00",,"21,75","3,325"
03.07.2019,"3.000,25","2.979,25","3.001,00","2.973,75",122090,"0,70%""","3,00",,"21,83428102","3,33788434"
05.07.2019,"2.990,50","3.000,00","3.005,50","2.971,50",208870,"-0,32%""","4,00",,"21,9863533","3,361132171"
08.07.2019,"2.978,50","2.991,25","2.994,75","2.973,25",183020,"-0,40%""","5,00",,"21,92222643","3,351328869"
09.07.2019,"2.982,00","2.978,25","2.986,25","2.963,50",174560,"0,12%""","6,00",,"21,82695224","3,336763963"
10.07.2019,"2.997,50","2.982,25","3.007,50","2.971,25",242430,"0,52%""","7,00",,"21,85626737","3,341245472"
11.07.2019,"3.004,00","2.996,25","3.006,75","2.992,50",209740,"0,22%""","8,00",,"21,95887036","3,356930756"
12.07.2019,"3.015,50","3.003,00","3.017,75","3.002,00",142820,"0,38%""","9,00",,"22,00833965","3,364493303"
15.07.2019,"3.017,25","3.016,00","3.024,00","3.011,00",132130,"0,06%""","10,00",,"22,10361385","3,379058209"
16.07.2019,"3.007,00","3.017,00","3.021,75","3.004,25",165820,"-0,34%""","11,00",,"22,11094263","3,380178586"
17.07.2019,"2.985,00","3.005,75","3.013,00","2.980,50",167010,"-0,73%""","12,00",,"22,02849381","3,367574341"
18.07.2019,"2.997,50","2.981,25","3.005,50","2.974,50",229940,"0,42%""","13,00",,"21,84893859","3,340125095"
19.07.2019,"2.977,00","3.003,50","3.009,75","2.969,25",262660,"-0,68%""","14,00",,"22,01200404","3,365053492"
22.07.2019,"2.989,00","2.973,75","2.993,50","2.972,25",186870,"0,40%""","15,00",,"21,79397271","3,331722264"
23.07.2019,"3.008,00","2.989,00","3.008,75","2.987,50",209110,"0,64%""","16,00",,"21,90573667","3,34880802"
24.07.2019,"3.021,50","3.003,25","3.022,00","2.996,00",194070,"0,45%""","17,00",,"22,01017185","3,364773397"
25.07.2019,"3.006,50","3.018,75","3.027,75","2.998,00",291740,"-0,50%""","18,00",,"22,12376801","3,382139247"
26.07.2019,"3.024,50","3.006,75","3.029,50","3.006,00",173470,"0,60%""","19,00",,"22,03582259","3,368694718"
29.07.2019,"3.021,75","3.022,25","3.027,50","3.015,50",178200,"-0,09%""","20,00",,"22,14941875","3,386060568"
30.07.2019,"3.012,25","3.023,00","3.027,50","3.001,50",237840,"-0,31%""","21,00",,"22,15491534","3,386900851"
31.07.2019,"2.982,25","3.015,25","3.020,50","2.957,75",451070,"-1,00%""","22,00",,"22,09811726","3,406279571"
01.08.2019,"2.952,00","2.971,50","3.014,00","2.944,50",701490,"-1,01%""","23,00",,"21,77748294","3,356855897"
02.08.2019,"2.932,50","2.950,75","2.961,00","2.913,25",557200,"-0,66%""","24,00",,"21,62541066","3,333414955"
05.08.2019,"2.830,00","2.930,75","2.933,50","2.820,75",723770,"-3,50%""","25,00",,"21,47883498","3,310821276"
06.08.2019,"2.876,00","2.817,50","2.884,00","2.776,00",637890,"1,63%""","26,00",,"20,64885014","3,182884567"
07.08.2019,"2.880,50","2.875,00","2.891,25","2.823,00",765870,"0,16%""","27,00",,"21,07025524","3,247841395"
08.08.2019,"2.940,00","2.878,50","2.941,50","2.870,50",317160,"2,07%""","28,00",,"21,09590599","3,251795289"
09.08.2019,"2.919,75","2.931,00","2.936,00","2.898,75",473100,"-0,69%""","29,00",,"21,48066717","3,311103697"
12.08.2019,"2.880,25","2.920,25","2.930,75","2.872,50",445370,"-1,35%""","30,00",,"21,40188274","3,298959594"
13.08.2019,"2.932,00","2.882,50","2.944,25","2.866,75",461080,"1,80%""","31,00",,"21,12522113","3,256314025"
14.08.2019,"2.840,75","2.930,00","2.936,50","2.835,75",569460,"-3,11%""","32,00",,"21,47333839","3,309974013"
15.08.2019,"2.848,50","2.836,00","2.871,75","2.817,75",719450,"0,27%""","33,00",,"20,78443265","3,20378372"
16.08.2019,"2.891,50","2.850,00","2.894,75","2.849,50",315810,"1,51%""","34,00",,"20,88703563","3,219599296"
19.08.2019,"2.923,75","2.893,00","2.932,25","2.892,25",211870,"1,12%""","35,00",,"21,20217336","3,268175706"
20.08.2019,"2.898,25","2.921,00","2.932,75","2.894,25",244060,"-0,87%""","36,00",,"21,40737933","3,299806857"
21.08.2019,"2.929,25","2.894,00","2.932,50","2.893,00",187680,"1,07%""","37,00",,"21,20950215","3,26930539"
22.08.2019,"2.922,25","2.931,75","2.939,75","2.904,00",264640,"-0,24%""","38,00",,"21,48616376","3,31195096"
23.08.2019,"2.855,50","2.920,25","2.936,75","2.834,00",501970,"-2,28%""","39,00",,"21,40188274","3,298959594"
26.08.2019,"2.883,25","2.833,75","2.888,25","2.810,00",354110,"0,97%""","40,00",,"20,76794289","3,201241931"
27.08.2019,"2.865,50","2.883,25","2.899,50","2.860,00",301020,"-0,62%""","41,00",,"21,13071772","3,257161288"
28.08.2019,"2.889,75","2.865,50","2.891,00","2.851,75",275590,"0,85%""","42,00",,"21,00063179","3,237109397"
29.08.2019,"2.926,75","2.884,25","2.930,75","2.875,25",256910,"1,28%""","43,00",,"21,1380465","3,258290972"
30.08.2019,"2.924,75","2.923,75","2.946,50","2.913,25",259820,"-0,07%""","44,00",,"21,42753348","3,302913488"
03.09.2019,"2.906,00","2.913,50","2.926,50","2.889,00",394440,"-0,64%""","45,00",,"21,35241344","3,316537509"
04.09.2019,"2.938,50","2.903,25","2.939,50","2.902,00",217290,"1,12%""","46,00",,"21,2772934","3,30486958"
05.09.2019,"2.972,00","2.937,75","2.986,75","2.936,50",291350,"1,14%""","47,00",,"21,53013647","3,34414212"
06.09.2019,"2.980,75","2.971,00","2.988,25","2.970,25",220130,"0,29%""","48,00",,"21,77381855","3,381991741"
09.09.2019,"2.978,25","2.980,00","2.991,75","2.969,25",181050,"-0,08%""","49,00",,"21,83977761","3,392236752"
10.09.2019,"2.978,50","2.979,25","2.984,75","2.957,25",259700,"0,01%""","50,00",,"21,83428102","3,391383001"
11.09.2019,"3.002,00","2.979,50","3.004,50","2.972,25",204350,"0,79%""","51,00",,"21,83611322","3,391667584"
12.09.2019,"3.011,75","3.002,50","3.021,75","3.001,00",319500,"0,32%""","52,00",,"22,00467526","3,417849277"
13.09.2019,"3.006,50","3.010,50","3.024,00","3.003,50",49790,"-0,17%""","53,00",,"22,06330553","3,426955953"
16.09.2019,"2.999,00","2.997,75","3.003,25","2.981,00",30300,"-0,25%""","54,00",,"21,96986353","3,412442189"
17.09.2019,"3.005,50","3.001,75","3.006,50","2.991,25",18360,"0,22%""","55,00",,"21,99917867","3,416995526"
18.09.2019,"3.006,25","3.005,75","3.011,25","2.978,25",20190,"0,02%""","56,00",,"22,02849381","3,421548864"
19.09.2019,"3.006,00","3.007,50","3.022,25","2.989,00",13730,"-0,01%""","57,00",,"22,04131918","3,42354095"
20.09.2019,"3.013,61","3.004,75","3.016,25","3.003,25",1650,"0,25%""","58,00",,"22,02116502","3,42041053"
23.09.2019,"2.997,00","2.995,00","3.008,00","2.982,00",243010,"-0,55%""","59,00",,"21,94970938","3,409311769"
24.09.2019,"2.970,25","3.002,25","3.012,50","2.958,50",479000,"-0,89%""","60,00",,"22,00284306","3,417564694"
25.09.2019,"2.986,25","2.972,00","2.991,75","2.953,50",301210,"0,54%""","61,00",,"21,78114733","3,383130076"
26.09.2019,"2.980,50","2.987,00","2.995,50","2.964,25",277250,"-0,19%""","62,00",,"21,8910791","3,400205093"
27.09.2019,"2.963,75","2.981,25","2.993,00","2.946,00",361740,"-0,56%""","63,00",,"21,84893859","3,39365967"
30.09.2019,"2.978,50","2.975,25","2.986,25","2.964,50",199860,"0,50%""","64,00","22,40","22,37555817","3,293402468"
01.10.2019,"2.937,75","2.984,25","2.994,25","2.936,75",331880,"-1,37%""","65,00",,"22,44324324","3,303364865"
02.10.2019,"2.880,50","2.942,25","2.949,00","2.874,00",404900,"-1,95%""","66,00",,"22,12737955","3,256873678"
03.10.2019,"2.911,75","2.884,50","2.913,00","2.855,00",424730,"1,08%""","67,00",,"21,69306698","3,192948296"
04.10.2019,"2.951,00","2.912,25","2.953,25","2.890,25",322580,"1,35%""","68,00",,"21,90176263","3,223665687"
07.10.2019,"2.937,50","2.937,25","2.959,25","2.926,50",271880,"-0,46%""","69,00",,"22,08977673","3,251339013"
08.10.2019,"2.892,50","2.935,25","2.950,00","2.890,75",437170,"-1,53%""","70,00",,"22,07473561","3,249125147"
09.10.2019,"2.919,00","2.894,00","2.932,00","2.888,25",286740,"0,92%""","71,00",,"21,76451234","3,20346416"
10.10.2019,"2.941,00","2.920,00","2.953,75","2.881,75",403090,"0,75%""","72,00",,"21,960047","3,232244418"
11.10.2019,"2.970,75","2.948,50","2.993,75","2.941,75",349490,"1,01%""","73,00",,"22,17438308","3,263792009"
14.10.2019,"2.965,50","2.967,75","2.982,25","2.954,00",210620,"-0,18%""","74,00",,"22,31915394","3,28510047"
15.10.2019,"2.997,75","2.967,00","3.003,25","2.966,25",229520,"1,09%""","75,00",,"22,31351351","3,28427027"
16.10.2019,"2.991,50","2.998,25","2.998,25","2.984,75",233210,"-0,21%""","76,00",,"22,54853114","3,318861927"
17.10.2019,"2.998,00","2.992,50","3.008,00","2.985,25",250870,"0,22%""","77,00",,"22,5052879","3,312497062"
18.10.2019,"2.988,25","2.998,50","3.001,00","2.975,00",263670,"-0,33%""","78,00",,"22,55041128","3,31913866"
21.10.2019,"3.006,50","2.985,00","3.007,50","2.983,75",183090,"0,61%""","79,00",,"22,44888367","3,304195065"
22.10.2019,"2.994,50","3.006,75","3.014,00","2.988,00",258330,"-0,40%""","80,00",,"22,61245593","3,328270858"
23.10.2019,"3.005,75","2.991,75","3.007,00","2.982,00",202710,"0,38%""","81,00",,"22,49964747","3,311666863"
24.10.2019,"3.004,25","3.005,50","3.015,50","2.998,50",225500,"-0,05%""","82,00",,"22,60305523","3,326887192"
25.10.2019,"3.020,25","3.004,00","3.026,50","3.000,00",197830,"0,53%""","83,00",,"22,59177438","3,325226792"
28.10.2019,"3.036,25","3.023,00","3.042,75","3.022,00",177810,"0,53%""","84,00",,"22,7346651","3,346258519"
29.10.2019,"3.035,75","3.039,00","3.046,00","3.029,50",204830,"-0,02%""","85,00",,"22,85499412","3,363969448"
30.10.2019,"3.047,75","3.036,25","3.055,50","3.023,25",251590,"0,40%""","86,00",,"22,83431257","3,360925382"
31.10.2019,"3.035,75","3.052,50","3.052,75","3.020,00",339180,"-0,39%""","87,00",,"22,95652174","3,382561146"
01.11.2019,"3.063,25","3.036,75","3.065,25","3.033,00",193990,"0,91%""","88,00",,"22,83807286","3,365108128"
04.11.2019,"3.075,75","3.064,25","3.083,50","3.064,25",174840,"0,41%""","89,00",,"23,04488837","3,395581652"
05.11.2019,"3.072,00","3.077,25","3.085,75","3.069,75",197390,"-0,12%""","90,00",,"23,1426557","3,409987318"
06.11.2019,"3.075,50","3.071,75","3.078,00","3.063,25",217610,"0,11%""","91,00",,"23,1012926","3,403892613"
07.11.2019,"3.086,00","3.077,25","3.097,50","3.070,25",205060,"0,34%""","92,00",,"23,1426557","3,409987318"
08.11.2019,"3.090,50","3.086,50","3.092,50","3.072,50",155420,"0,15%""","93,00",,"23,21222092","3,420237503"
11.11.2019,"3.087,50","3.091,00","3.092,00","3.074,50",114090,"-0,10%""","94,00",,"23,24606345","3,42522408"
12.11.2019,"3.092,00","3.087,75","3.102,00","3.081,25",164990,"0,15%""","95,00",,"23,22162162","3,421622663"
13.11.2019,"3.095,50","3.091,50","3.097,00","3.075,75",203290,"0,11%""","96,00",,"23,24982374","3,425778144"
14.11.2019,"3.097,00","3.096,25","3.099,75","3.081,75",176970,"0,05%""","97,00",,"23,28554642","3,431041752"
15.11.2019,"3.118,25","3.097,50","3.119,50","3.095,75",156320,"0,69%""","98,00",,"23,29494712","3,432426913"
18.11.2019,"3.121,75","3.119,25","3.128,00","3.111,00",159080,"0,11%""","99,00",,"23,45851939","3,4565287"
19.11.2019,"3.118,50","3.122,00","3.132,50","3.112,75",185560,"-0,10%""","100,00",,"23,47920094","3,459576052"
20.11.2019,"3.109,00","3.116,25","3.118,50","3.090,75",288460,"-0,30%""","101,00",,"23,4359577","3,453204315"
21.11.2019,"3.104,00","3.099,75","3.114,50","3.091,25",246820,"-0,16%""","102,00",,"23,31186839","3,434920201"
22.11.2019,"3.111,50","3.103,75","3.114,50","3.097,75",167390,"0,24%""","103,00",,"23,34195065","3,439352713"
25.11.2019,"3.132,75","3.117,50","3.133,50","3.116,50",106470,"0,68%""","104,00",,"23,4453584","3,454589475"
26.11.2019,"3.143,75","3.131,25","3.144,75","3.128,00",147560,"0,35%""","105,00",,"23,54876616","3,469826237"
27.11.2019,"3.153,75","3.143,75","3.155,00","3.141,75",109230,"0,32%""","106,00",,"23,64277321","3,483677839"
29.11.2019,"3.143,75","3.154,25","3.155,50","3.139,50",117740,"-0,32%""","107,00",,"23,72173913","3,495313185"
02.12.2019,"3.114,25","3.145,00","3.157,75","3.110,25",337300,"-0,94%""","108,00",,"23,65217391","3,513351529"
03.12.2019,"3.091,00","3.114,00","3.122,00","3.069,50",398050,"-0,75%""","109,00",,"23,41903643","3,478720719"
04.12.2019,"3.111,00","3.091,75","3.119,50","3.081,75",251920,"0,65%""","110,00",,"23,25170388","3,453864735"
05.12.2019,"3.117,75","3.110,75","3.124,75","3.103,50",263470,"0,22%""","111,00",,"23,39459459","3,47509007"
06.12.2019,"3.146,00","3.117,50","3.151,25","3.117,00",192300,"0,91%""","112,00",,"23,4453584","3,482630649"
09.12.2019,"3.134,50","3.146,50","3.149,50","3.131,25",159700,"-0,37%""","113,00",,"23,66345476","3,515027214"
10.12.2019,"3.136,00","3.133,25","3.143,00","3.116,25",260450,"0,05%""","114,00",,"23,56380729","3,500225335"
11.12.2019,"3.143,00","3.136,00","3.144,50","3.129,75",189580,"0,22%""","115,00",,"23,58448884","3,503297423"
12.12.2019,"3.168,00","3.143,75","3.177,25","3.137,00",382960,"0,80%""","116,00",,"23,64277321","3,511955126"
13.12.2019,"3.172,00","3.173,75","3.185,00","3.156,75",78100,"0,13%""","117,00",,"23,86839013","3,545468813"
16.12.2019,"3.194,25","3.175,00","3.198,75","3.173,75",19690,"0,70%""","118,00",,"23,87779083","3,546865216"
17.12.2019,"3.192,00","3.192,50","3.199,25","3.187,75",13570,"-0,07%""","119,00",,"24,00940071","3,566414867"
18.12.2019,"3.194,75","3.189,75","3.198,75","3.188,00",8340,"0,09%""","120,00",,"23,98871915","3,563342779"
19.12.2019,"3.207,00","3.195,50","3.209,25","3.190,25",7320,"0,38%""","121,00",,"24,0319624","3,569766236"
20.12.2019,"3.231,02","3.207,75","3.221,75","3.204,00",1450,"0,75%""","122,00",,"24,12408931","3,583450991"
23.12.2019,"3.227,25","3.226,25","3.234,25","3.224,25",88120,"-0,12%""","123,00",,"24,26321974","3,604117765"
24.12.2019,"3.225,75","3.227,50","3.231,00","3.222,50",40940,"-0,05%""","124,00",,"24,27262045","3,605514169"
26.12.2019,"3.244,50","3.226,75","3.244,75","3.226,75",59830,"0,58%""","125,00",,"24,26698002","3,604676327"
27.12.2019,"3.237,50","3.241,75","3.254,00","3.235,50",151910,"-0,22%""","126,00",,"24,37978848","3,62143317"
30.12.2019,"3.223,50","3.237,50","3.244,50","3.217,25",191800,"-0,43%""","127,00",,"24,34782609","3,616685398"
31.12.2019,"3.231,00","3.223,00","3.236,00","3.213,00",144320,"0,23%""","128,00","23,16","23,10265552","3,524252244"
02.01.2020,"3.259,00","3.237,00","3.261,75","3.234,25",178830,"0,87%""","129,00",,"23,20300836","3,539560817"
03.01.2020,"3.235,50","3.260,75","3.263,25","3.207,00",310880,"-0,72%""","130,00",,"23,37324977","3,565530718"
06.01.2020,"3.243,50","3.222,75","3.249,50","3.208,75",246530,"0,25%""","131,00",,"23,10086351","3,523978877"
07.01.2020,"3.235,25","3.243,00","3.254,50","3.226,00",221750,"-0,25%""","132,00",,"23,24601671","3,546121634"
08.01.2020,"3.260,25","3.232,00","3.267,50","3.181,00",488410,"0,77%""","133,00",,"23,16716806","3,53409347"
09.01.2020,"3.276,00","3.259,75","3.276,75","3.257,75",198450,"0,48%""","134,00",,"23,36608171","3,564437249"
10.01.2020,"3.264,75","3.275,50","3.287,00","3.260,75",218020,"-0,34%""","135,00",,"23,47897864","3,581659393"
13.01.2020,"3.289,75","3.265,75","3.291,00","3.265,50",156700,"0,77%""","136,00",,"23,40909006","3,570998066"
14.01.2020,"3.288,00","3.289,00","3.296,50","3.275,25",267620,"-0,05%""","137,00",,"23,57574745","3,596421232"
15.01.2020,"3.293,75","3.287,50","3.299,00","3.278,00",235400,"0,17%""","138,00",,"23,56499536","3,594781028"
16.01.2020,"3.316,50","3.293,75","3.318,00","3.293,75",176500,"0,69%""","139,00",,"23,60979573","3,601615212"
17.01.2020,"3.325,00","3.316,75","3.330,25","3.316,00",172210,"0,26%""","140,00",,"23,7746611","3,626765011"
21.01.2020,"3.319,50","3.324,50","3.330,00","3.307,25",262270,"-0,17%""","141,00",,"23,83021356","3,6352394"
22.01.2020,"3.319,75","3.320,50","3.337,50","3.315,25",221790,"0,01%""","142,00",,"23,80154132","3,630865522"
23.01.2020,"3.326,00","3.317,00","3.327,00","3.301,50",349430,"0,19%""","143,00",,"23,77645311","3,627038378"
24.01.2020,"3.293,50","3.326,25","3.337,00","3.280,50",521300,"-0,98%""","144,00",,"23,84275766","3,637152971"
27.01.2020,"3.239,50","3.273,00","3.273,00","3.233,00",521500,"-1,64%""","145,00",,"23,4610585","3,57892572"
28.01.2020,"3.278,25","3.239,50","3.285,00","3.238,50",349140,"1,20%""","146,00",,"23,22092851","3,542294491"
29.01.2020,"3.272,50","3.282,25","3.292,75","3.265,25",379820,"-0,18%""","147,00",,"23,52736305","3,589040313"
30.01.2020,"3.289,75","3.272,00","3.295,25","3.239,50",541850,"0,53%""","148,00",,"23,45389044","3,57783225"
31.01.2020,"3.224,00","3.292,75","3.297,50","3.212,50",642180,"-2,00%""","149,00",,"23,60262767","3,602211306"
03.02.2020,"3.245,50","3.222,00","3.267,25","3.221,50",386180,"0,67%""","150,00",,"23,09548747","3,524812035"
04.02.2020,"3.299,50","3.244,75","3.305,25","3.236,00",356580,"1,66%""","151,00",,"23,25856082","3,54970014"
05.02.2020,"3.335,00","3.299,25","3.338,25","3.288,25",416320,"1,08%""","152,00",,"23,64922006","3,609322193"
06.02.2020,"3.345,25","3.336,00","3.357,50","3.332,50",291380,"0,31%""","153,00",,"23,91264624","3,649526055"
07.02.2020,"3.325,50","3.348,75","3.350,00","3.320,75",382350,"-0,59%""","154,00",,"24,004039","3,663474333"
10.02.2020,"3.353,00","3.322,00","3.353,50","3.303,25",277250,"0,83%""","155,00",,"23,81229341","3,634210298"
11.02.2020,"3.357,50","3.350,75","3.374,50","3.349,50",281600,"0,13%""","156,00",,"24,01837512","3,665662298"
12.02.2020,"3.380,50","3.359,75","3.381,50","3.355,50",215750,"0,69%""","157,00",,"24,08288765","3,675508142"
13.02.2020,"3.377,50","3.380,25","3.384,75","3.348,50",325470,"-0,09%""","158,00",,"24,22983287","3,697934786"
14.02.2020,"3.381,00","3.379,00","3.388,25","3.365,25",236870,"0,10%""","159,00",,"24,22087279","3,696567308"
18.02.2020,"3.369,25","3.381,25","3.392,50","3.355,25",333630,"-0,35%""","160,00",,"24,23700093","3,699028769"
19.02.2020,"3.387,25","3.371,50","3.394,00","3.370,75",213910,"0,53%""","161,00",,"24,16711235","3,688362438"
20.02.2020,"3.369,25","3.391,25","3.397,50","3.339,50",554870,"-0,53%""","162,00",,"24,30868152","3,709968595"
21.02.2020,"3.339,25","3.366,75","3.369,50","3.327,75",477930,"-0,89%""","163,00",,"24,13306407","3,68316602"
24.02.2020,"3.226,25","3.315,00","3.315,00","3.213,75",824520,"-3,38%""","164,00",,"23,76211699","3,626552419"
25.02.2020,"3.132,50","3.224,25","3.259,50","3.117,25",1150000,"-2,91%""","165,00",,"23,1116156","3,527273496"
26.02.2020,"3.110,25","3.139,00","3.182,00","3.090,50",1070000,"-0,71%""","166,00",,"22,50053853","3,434011476"
27.02.2020,"2.957,00","3.101,25","3.117,00","2.944,50",1280000,"-4,93%""","167,00",,"22,22994429","3,392713632"
28.02.2020,"2.951,00","2.950,50","2.995,75","2.853,00",1740000,"-0,20%""","168,00",,"21,14935933","3,227795751"
02.03.2020,"3.065,00","2.904,00","3.093,00","2.888,00",946820,"3,86%""","169,00",,"20,81604457","3,06033279"
03.03.2020,"2.997,00","3.077,00","3.136,50","2.973,00",1100000,"-2,22%""","170,00",,"22,05611885","3,242646003"
04.03.2020,"3.114,75","2.988,75","3.129,25","2.976,75",647060,"3,93%""","171,00",,"21,4235376","3,149645188"
05.03.2020,"3.015,50","3.110,00","3.114,00","2.996,75",718120,"-3,19%""","172,00",,"22,29266481","3,277422512"
06.03.2020,"2.964,00","3.024,00","3.037,00","2.898,00",913070,"-1,71%""","173,00",,"21,6762117","3,186792822"
09.03.2020,"2.747,75","2.916,50","2.917,00","2.713,50",806070,"-7,30%""","174,00",,"20,90564531","3,07350571"
10.03.2020,"2.865,75","2.733,50","2.884,75","2.694,75",1060000,"4,29%""","175,00",,"19,59389044","2,88065416"
11.03.2020,"2.740,25","2.861,75","2.869,50","2.703,00",1110000,"-4,38%""","176,00",,"20,51319406","3,01580832"
12.03.2020,"2.469,00","2.738,25","2.773,50","2.442,00",1450000,"-9,90%""","177,00",,"19,62793872","2,885659869"
13.03.2020,"2.696,00","2.433,00","2.708,50","2.393,25",503890,"9,19%""","178,00",,"17,43988858","2,563977162"
16.03.2020,"2.416,25","2.673,75","2.698,50","2.351,00",190090,"-10,38%""","179,00",,"19,16559889","2,817687602"
17.03.2020,"2.495,50","2.420,75","2.554,25","2.365,00",167280,"3,28%""","180,00",,"17,35207985","2,5510677"
18.03.2020,"2.414,00","2.478,75","2.498,75","2.273,50",95460,"-3,27%""","181,00",,"17,7678273","2,612190049"
19.03.2020,"2.403,25","2.414,25","2.474,25","2.287,25",101130,"-0,45%""","182,00",,"17,30548747","2,544217781"
20.03.2020,"2.437,98","2.365,00","2.513,00","2.343,00",9890,"1,45%""","183,00",,"16,95246054","2,492316476"
23.03.2020,"2.220,50","2.220,50","2.385,50","2.174,00",1320000,"-8,92%""","184,00",,"15,91667595","2,34003752"
24.03.2020,"2.438,00","2.233,25","2.448,00","2.230,25",1060000,"9,80%""","185,00",,"16,00806871","2,353473899"
25.03.2020,"2.467,00","2.442,50","2.561,50","2.378,25",1400000,"1,19%""","186,00",,"17,50798514","2,573988581"
26.03.2020,"2.608,00","2.471,50","2.626,00","2.401,75",1150000,"5,72%""","187,00",,"17,71585887","2,604549755"
27.03.2020,"2.524,00","2.627,00","2.635,00","2.505,50",1020000,"-3,22%""","188,00",,"18,83049211","2,768420881"
30.03.2020,"2.611,25","2.465,00","2.621,50","2.447,00",944240,"3,46%""","189,00",,"17,66926648","2,597699837"
31.03.2020,"2.569,75","2.612,25","2.639,25","2.555,75",864900,"-1,59%""","190,00","22,22","22,58748711","2,966259558"
01.04.2020,"2.448,00","2.562,50","2.562,50","2.434,25",884680,"-4,74%""","191,00",,"22,15731102","2,909767487"
02.04.2020,"2.516,50","2.458,25","2.525,00","2.424,75",1060000,"2,80%""","192,00",,"21,25588676","2,791389629"
03.04.2020,"2.482,75","2.514,00","2.529,50","2.448,75",823090,"-1,34%""","193,00",,"21,73794338","2,854694815"
06.04.2020,"2.644,50","2.483,25","2.668,50","2.483,25",758940,"6,51%""","194,00",,"21,47205565","2,819777605"
07.04.2020,"2.642,00","2.645,50","2.749,00","2.623,75",1180000,"-0,09%""","195,00",,"22,87499173","3,004015566"
08.04.2020,"2.735,00","2.640,75","2.752,50","2.620,75",989640,"3,52%""","196,00",,"22,83391964","2,99862185"
09.04.2020,"2.779,75","2.737,50","2.809,75","2.700,25",1110000,"1,64%""","197,00",,"23,67049324","3,108483315"
13.04.2020,"2.759,25","2.807,00","2.820,50","2.710,25",800020,"-0,74%""","198,00",,"24,27144275","3,187401887"
14.04.2020,"2.843,00","2.760,50","2.848,75","2.752,50",735110,"3,04%""","199,00",,"23,86936862","3,134600253"
15.04.2020,"2.775,00","2.843,50","2.845,75","2.751,25",861140,"-2,39%""","200,00",,"24,58704932","3,228848332"
16.04.2020,"2.787,50","2.767,50","2.831,50","2.746,50",960930,"0,45%""","201,00",,"23,9298959","3,142548886"
17.04.2020,"2.870,00","2.858,00","2.885,25","2.821,00",958260,"2,96%""","202,00",,"24,71242728","3,245313357"
20.04.2020,"2.806,50","2.861,75","2.875,75","2.804,25",951290,"-2,21%""","203,00",,"24,74485261","3,249571554"
21.04.2020,"2.732,00","2.807,00","2.833,25","2.717,25",1350000,"-2,65%""","204,00",,"24,27144275","3,187401887"
22.04.2020,"2.788,50","2.737,25","2.808,00","2.717,25",844260,"2,07%""","205,00",,"23,66833155","3,108199436"
23.04.2020,"2.780,75","2.790,25","2.836,75","2.772,50",1100000,"-0,28%""","206,00",,"24,12660959","3,168381944"
24.04.2020,"2.829,50","2.777,00","2.836,00","2.755,00",718260,"1,75%""","207,00",,"24,01204008","3,153336317"
27.04.2020,"2.869,00","2.828,75","2.883,00","2.812,75",695130,"1,40%""","208,00",,"24,45950968","3,212099426"
28.04.2020,"2.867,25","2.867,75","2.913,50","2.851,25",974950,"-0,06%""","209,00",,"24,79673315","3,256384668"
29.04.2020,"2.941,00","2.870,75","2.959,50","2.860,75",912840,"2,57%""","210,00",,"24,82267341","3,259791225"
30.04.2020,"2.902,50","2.956,50","2.965,25","2.878,25",1130000,"-1,31%""","211,00",,"25,5641327","3,350190698"
01.05.2020,"2.821,75","2.873,00","2.879,50","2.811,75",990940,"-2,78%""","212,00",,"24,84212861","3,255571748"
04.05.2020,"2.825,25","2.793,00","2.835,75","2.770,75",886990,"0,12%""","213,00",,"24,15038817","3,164918863"
05.05.2020,"2.858,25","2.827,00","2.889,50","2.824,50",760650,"1,17%""","214,00",,"24,44437786","3,203446339"
06.05.2020,"2.833,50","2.857,50","2.886,25","2.832,00",888870,"-0,87%""","215,00",,"24,7081039","3,238007752"
07.05.2020,"2.880,00","2.832,25","2.894,75","2.823,25",833230,"1,64%""","216,00",,"24,48977332","3,209395435"
08.05.2020,"2.928,50","2.881,75","2.932,75","2.879,25",641600,"1,68%""","217,00",,"24,91778772","3,265486908"
11.05.2020,"2.922,75","2.921,00","2.946,50","2.889,50",801760,"-0,20%""","218,00",,"25,25717288","3,30996348"
12.05.2020,"2.852,50","2.919,00","2.939,75","2.838,00",974690,"-2,40%""","219,00",,"25,23987937","3,307697158"
13.05.2020,"2.813,00","2.840,00","2.876,50","2.786,25",1540000,"-1,38%""","220,00",,"24,55678568","3,218177433"
14.05.2020,"2.847,00","2.820,25","2.853,75","2.760,25",1350000,"1,21%""","221,00",,"24,38601226","3,195797502"
15.05.2020,"2.846,50","2.846,00","2.863,00","2.809,50",1150000,"-0,02%""","222,00",,"24,60866621","3,2249764"
18.05.2020,"2.948,00","2.860,00","2.964,50","2.850,00",768820,"3,57%""","223,00",,"24,72972079","3,240840655"
19.05.2020,"2.918,75","2.945,00","2.976,25","2.913,75",921190,"-0,99%""","224,00",,"25,46469501","3,337159345"
20.05.2020,"2.968,50","2.913,75","2.975,75","2.908,50",865160,"1,70%""","225,00",,"25,1944839","3,301748062"
21.05.2020,"2.937,00","2.972,00","2.973,50","2.933,00",1080000,"-1,06%""","226,00",,"25,69815741","3,367754694"
22.05.2020,"2.953,00","2.936,75","2.957,25","2.903,75",866850,"0,54%""","227,00",,"25,39335928","3,327810767"
26.05.2020,"2.994,50","2.948,75","3.019,75","2.947,75",1020000,"1,41%""","228,00",,"25,49712034","3,341408699"
27.05.2020,"3.035,50","2.994,25","3.039,75","2.965,50",1170000,"1,37%""","229,00",,"25,89054772","3,392967528"
28.05.2020,"3.038,00","3.034,50","3.065,50","3.019,50",958720,"0,08%""","230,00",,"26,23857963","3,438577261"
29.05.2020,"3.042,00","3.036,00","3.058,50","2.992,25",1180000,"0,13%""","231,00",,"26,25154976","3,440277003"
01.06.2020,"3.054,00","3.032,00","3.058,75","3.007,75",714750,"0,39%""","232,00",,"26,21696274","3,413233792"
02.06.2020,"3.077,00","3.052,75","3.079,25","3.034,25",764710,"0,75%""","233,00",,"26,39638292","3,436592829"
03.06.2020,"3.117,75","3.077,75","3.129,50","3.074,25",732400,"1,32%""","234,00",,"26,6125518","3,464736248"
04.06.2020,"3.110,50","3.117,00","3.127,00","3.087,50",1010000,"-0,23%""","235,00",,"26,95193696","3,508921415"
05.06.2020,"3.186,75","3.113,50","3.210,50","3.106,25",1110000,"2,45%""","236,00",,"26,92167331","3,504981336"
08.06.2020,"3.227,50","3.192,25","3.231,25","3.183,25",790780,"1,28%""","237,00",,"27,60260531","3,593633104"
09.06.2020,"3.205,50","3.227,50","3.231,00","3.190,00",916390,"-0,68%""","238,00",,"27,90740344","3,633315324"
10.06.2020,"3.186,00","3.205,00","3.227,25","3.179,75",1200000,"-0,61%""","239,00",,"27,71285144","3,607986248"
11.06.2020,"3.010,25","3.183,75","3.188,75","2.996,25",1890000,"-5,52%""","240,00",,"27,52910789","3,584064342"
12.06.2020,"3.034,75","3.015,00","3.087,75","2.982,25",676750,"0,81%""","241,00",,"26,0699679","3,394096267"
15.06.2020,"3.073,00","3.002,50","3.079,50","2.935,25",379290,"1,26%""","242,00",,"25,96188345","3,380024558"
16.06.2020,"3.128,75","3.077,00","3.167,00","3.071,25",261300,"1,81%""","243,00",,"26,60606674","3,463891945"
17.06.2020,"3.118,00","3.122,25","3.158,00","3.105,25",109140,"-0,34%""","244,00",,"26,99733243","3,514831532"
18.06.2020,"3.109,00","3.114,50","3.130,50","3.075,50",87430,"-0,29%""","245,00",,"26,93032007","3,506107073"
22.06.2020,"3.110,75","3.043,00","3.114,75","3.027,50",828330,"0,06%""","246,00",,"26,31207705","3,425616896"
23.06.2020,"3.118,50","3.111,75","3.145,50","3.060,25",930980,"0,25%""","247,00",,"26,90654149","3,503011297"
24.06.2020,"3.049,00","3.113,00","3.128,25","3.019,50",1390000,"-2,23%""","248,00",,"26,91734994","3,504418468"
25.06.2020,"3.070,75","3.047,00","3.079,50","3.005,50",1060000,"0,71%""","249,00",,"26,34666407","3,430119843"
26.06.2020,"3.007,00","3.071,50","3.082,00","2.992,75",1130000,"-2,08%""","250,00",,"26,55850958","3,457700393"
29.06.2020,"3.047,75","2.986,25","3.051,25","2.983,50",894900,"1,36%""","251,00",,"25,82137367","3,361731336"
30.06.2020,"3.090,25","3.046,00","3.101,00","3.030,25",844960,"1,39%""","252,00","31,24","30,79266726","3,387784807"
01.07.2020,"3.103,00","3.085,00","3.118,00","3.062,75",870890,"0,41%""","253,00",,"31,18692662","3,431160909"
02.07.2020,"3.129,00","3.101,50","3.156,75","3.095,50",970420,"0,84%""","254,00",,"31,35372866","3,449512337"
06.07.2020,"3.172,00","3.121,00","3.174,75","3.120,75",1090000,"1,37%""","255,00",,"31,55085834","3,471200388"
07.07.2020,"3.136,50","3.169,75","3.184,00","3.132,50",882620,"-1,12%""","256,00",,"32,04368255","3,525420516"
08.07.2020,"3.163,50","3.135,25","3.166,25","3.125,50",1140000,"0,86%""","257,00",,"31,69491465","3,487049349"
09.07.2020,"3.141,00","3.166,00","3.170,75","3.105,25",1280000,"-0,71%""","258,00",,"32,005773","3,521249737"
10.07.2020,"3.178,50","3.142,00","3.182,00","3.111,50",1120000,"1,19%""","259,00",,"31,76315185","3,494556751"
13.07.2020,"3.148,25","3.182,00","3.226,25","3.140,50",1320000,"-0,95%""","260,00",,"32,16752043","3,539045061"
14.07.2020,"3.183,50","3.150,00","3.192,00","3.119,00",1640000,"1,12%""","261,00",,"31,84402556","3,503454413"
15.07.2020,"3.219,50","3.203,00","3.233,00","3.192,00",1420000,"1,13%""","262,00",,"32,37981393","3,562401424"
16.07.2020,"3.194,50","3.223,25","3.228,50","3.188,50",1070000,"-0,78%""","263,00",,"32,58452552","3,584923631"
17.07.2020,"3.214,00","3.198,25","3.225,25","3.194,75",804720,"0,61%""","264,00",,"32,33179516","3,557118437"
20.07.2020,"3.245,25","3.214,25","3.251,50","3.190,25",771890,"0,97%""","265,00",,"32,49354259","3,574913761"
21.07.2020,"3.251,25","3.243,75","3.273,00","3.239,25",965240,"0,18%""","266,00",,"32,79176442","3,60772389"
22.07.2020,"3.265,50","3.249,25","3.271,50","3.227,25",870910,"0,44%""","267,00",,"32,8473651","3,613841032"
23.07.2020,"3.227,50","3.267,50","3.284,50","3.214,25",1190000,"-1,16%""","268,00",,"33,03185826","3,634138824"
24.07.2020,"3.204,00","3.229,75","3.239,00","3.191,75",1040000,"-0,73%""","269,00",,"32,65023542","3,592152981"
27.07.2020,"3.232,25","3.210,50","3.235,00","3.192,00",761520,"0,88%""","270,00",,"32,45563304","3,570742982"
28.07.2020,"3.213,00","3.234,75","3.246,50","3.208,00",811740,"-0,60%""","271,00",,"32,70078149","3,59771402"
29.07.2020,"3.252,50","3.214,75","3.257,00","3.204,25",659440,"1,23%""","272,00",,"32,4985972","3,575469865"
30.07.2020,"3.248,75","3.256,75","3.269,25","3.195,00",1030000,"-0,12%""","273,00",,"32,92318421","3,62218259"
31.07.2020,"3.263,50","3.269,25","3.273,75","3.212,50",1170000,"0,45%""","274,00",,"33,04954939","3,633390455"
03.08.2020,"3.288,50","3.270,75","3.295,50","3.254,50",549150,"0,77%""","275,00",,"33,06471321","3,63505753"
04.08.2020,"3.300,00","3.290,50","3.301,50","3.271,00",599460,"0,35%""","276,00",,"33,2643702","3,657007354"
05.08.2020,"3.316,00","3.300,50","3.323,50","3.292,25",542480,"0,48%""","277,00",,"33,36546234","3,668121189"
06.08.2020,"3.344,25","3.317,25","3.346,00","3.300,50",741220,"0,85%""","278,00",,"33,53479168","3,686736862"
07.08.2020,"3.344,75","3.343,50","3.347,75","3.322,50",909600,"0,01%""","279,00",,"33,80015856","3,715910679"
10.08.2020,"3.352,75","3.347,25","3.357,25","3.329,00",661330,"0,24%""","280,00",,"33,83806812","3,720078367"
11.08.2020,"3.330,00","3.350,50","3.379,00","3.319,75",974380,"-0,68%""","281,00",,"33,87092306","3,723690363"
12.08.2020,"3.370,00","3.339,50","3.382,25","3.326,25",866720,"1,20%""","282,00",,"33,75972171","3,711465145"
13.08.2020,"3.367,75","3.367,75","3.382,00","3.357,50",714190,"-0,07%""","283,00",,"34,04530701","3,742861728"
14.08.2020,"3.361,50","3.368,75","3.380,25","3.349,75",665300,"-0,19%""","284,00",,"34,05541623","3,743973112"
17.08.2020,"3.379,75","3.365,75","3.383,00","3.365,00",408070,"0,54%""","285,00",,"34,02508859","3,740638961"
18.08.2020,"3.387,00","3.379,25","3.390,50","3.365,25",601230,"0,21%""","286,00",,"34,16156298","3,755642638"
19.08.2020,"3.372,75","3.388,50","3.395,50","3.365,50",720650,"-0,42%""","287,00",,"34,25507321","3,765922935"
20.08.2020,"3.380,75","3.370,00","3.387,00","3.344,50",743300,"0,24%""","288,00",,"34,06805275","3,745362341"
21.08.2020,"3.392,50","3.383,50","3.396,25","3.356,50",723100,"0,35%""","289,00",,"34,20452714","3,760366018"
24.08.2020,"3.427,50","3.398,00","3.429,25","3.394,00",691360,"1,03%""","290,00",,"34,35111075","3,776481079"
25.08.2020,"3.443,00","3.427,00","3.448,75","3.421,75",731800,"0,45%""","291,00",,"34,64427797","3,8087112"
26.08.2020,"3.480,25","3.444,50","3.483,50","3.436,75",637490,"1,08%""","292,00",,"34,82118922","3,828160411"
27.08.2020,"3.485,25","3.479,50","3.498,25","3.464,75",1030000,"0,14%""","293,00",,"35,17501173","3,867058833"
28.08.2020,"3.504,50","3.487,75","3.509,25","3.480,75",713070,"0,55%""","294,00",,"35,25841275","3,876227746"
31.08.2020,"3.499,00","3.508,50","3.524,50","3.490,00",680340,"-0,16%""","295,00",,"35,46817895","3,891537153"
01.09.2020,"3.527,00","3.493,75","3.530,00","3.484,25",701140,"0,80%""","296,00",,"35,31906804","3,875176836"
02.09.2020,"3.579,25","3.529,00","3.587,00","3.526,25",924940,"1,48%""","297,00",,"35,67541785","3,914275221"
03.09.2020,"3.461,50","3.578,50","3.586,50","3.424,75",1910000,"-3,29%""","298,00",,"36,17582396","3,969179337"
04.09.2020,"3.417,50","3.455,00","3.484,25","3.347,75",1780000,"-1,27%""","299,00",,"34,92733598","3,832196342"
08.09.2020,"3.335,50","3.420,50","3.447,25","3.327,50",2030000,"-2,40%""","300,00",,"34,57856808","3,793929837"
09.09.2020,"3.400,25","3.320,00","3.424,00","3.295,50",1010000,"1,94%""","301,00",,"33,56259202","3,682457845"
10.09.2020,"3.340,50","3.395,75","3.424,25","3.327,25",1340000,"-1,76%""","302,00",,"34,32836502","3,766477779"
11.09.2020,"3.333,75","3.345,50","3.376,25","3.308,75",451060,"-0,20%""","303,00",,"33,82037699","3,710741783"
14.09.2020,"3.382,50","3.350,00","3.402,75","3.344,50",132570,"1,46%""","304,00",,"33,86586846","3,715733067"
15.09.2020,"3.405,25","3.378,75","3.419,25","3.376,50",77210,"0,67%""","305,00",,"34,15650837","3,747621821"
16.09.2020,"3.389,50","3.406,25","3.429,75","3.384,00",96780,"-0,46%""","306,00",,"34,43451177","3,778124107"
17.09.2020,"3.361,50","3.392,75","3.397,75","3.320,50",106000,"-0,83%""","307,00",,"34,29803738","3,763150257"
18.09.2020,"3.353,60","3.356,25","3.374,00","3.341,00",5990,"-0,24%""","308,00",,"33,92905105","3,722665404"
21.09.2020,"3.275,00","3.314,75","3.326,50","3.217,75",1260000,"-2,34%""","309,00",,"33,50951865","3,676634681"
22.09.2020,"3.299,25","3.271,00","3.309,50","3.256,25",946640,"0,74%""","310,00",,"33,06724051","3,628108317"
23.09.2020,"3.231,25","3.304,00","3.319,75","3.220,75",1170000,"-2,06%""","311,00",,"33,40084459","3,66471106"
24.09.2020,"3.238,00","3.227,75","3.268,25","3.198,00",1290000,"0,21%""","312,00",,"32,63001699","3,580136539"
25.09.2020,"3.287,25","3.243,50","3.296,50","3.206,25",1030000,"1,52%""","313,00",,"32,78923712","3,59760603"
28.09.2020,"3.346,00","3.291,25","3.351,25","3.288,00",809590,"1,79%""","314,00",,"33,27195211","3,650569091"
29.09.2020,"3.333,75","3.348,50","3.363,00","3.316,50",729690,"-0,37%""","315,00",,"33,85070464","3,714069306"
30.09.2020,"3.352,00","3.330,00","3.384,00","3.291,25",1140000,"0,55%""","316,00","34,24","34,01527446","3,6300179"
01.10.2020,"3.367,75","3.344,75","3.387,75","3.343,75",937680,"0,47%""","317,00",,"34,16594272","3,646096808"
02.10.2020,"3.339,25","3.366,75","3.374,75","3.300,25",1260000,"-0,85%""","318,00",,"34,39066826","3,670078908"
05.10.2020,"3.393,00","3.358,00","3.400,00","3.346,50",641070,"1,61%""","319,00",,"34,30128878","3,660540573"
06.10.2020,"3.353,25","3.392,25","3.421,75","3.330,75",1150000,"-1,17%""","320,00",,"34,65114558","3,697876342"
07.10.2020,"3.406,75","3.338,00","3.416,50","3.331,75",895710,"1,60%""","321,00",,"34,09699284","3,638738663"
08.10.2020,"3.437,50","3.407,25","3.447,75","3.404,00",638300,"0,90%""","322,00",,"34,80436754","3,714227774"
09.10.2020,"3.473,25","3.447,00","3.480,00","3.445,50",571110,"1,04%""","323,00",,"35,21040573","3,757559069"
12.10.2020,"3.532,75","3.470,25","3.541,25","3.464,00",726170,"1,71%""","324,00",,"35,44789976","3,782903789"
13.10.2020,"3.504,75","3.533,75","3.536,00","3.491,25",894790,"-0,79%""","325,00",,"36,09653938","3,852124851"
14.10.2020,"3.481,00","3.502,25","3.524,00","3.472,25",901010,"-0,68%""","326,00",,"35,77477327","3,817786844"
15.10.2020,"3.475,50","3.479,50","3.486,75","3.431,50",897970,"-0,16%""","327,00",,"35,54238663","3,792987172"
16.10.2020,"3.462,25","3.478,50","3.508,50","3.461,25",719770,"-0,38%""","328,00",,"35,53217184","3,791897076"
19.10.2020,"3.422,75","3.470,75","3.496,50","3.410,75",1030000,"-1,14%""","329,00",,"35,45300716","3,783448837"
20.10.2020,"3.432,25","3.435,75","3.469,75","3.418,00",1080000,"0,28%""","330,00",,"35,09548926","3,745295495"
21.10.2020,"3.432,50","3.435,25","3.457,75","3.420,75",1030000,"0,01%""","331,00",,"35,09038186","3,744750447"
22.10.2020,"3.449,25","3.430,50","3.453,00","3.402,25",856910,"0,49%""","332,00",,"35,04186158","3,739572494"
23.10.2020,"3.451,75","3.455,75","3.463,50","3.431,75",773250,"0,07%""","333,00",,"35,2997852","3,767097405"
26.10.2020,"3.393,50","3.446,00","3.447,00","3.356,00",1270000,"-1,69%""","334,00",,"35,20019093","3,756468974"
27.10.2020,"3.383,00","3.394,50","3.410,25","3.368,00",940470,"-0,31%""","335,00",,"34,67412888","3,700329057"
28.10.2020,"3.263,50","3.368,75","3.370,75","3.260,75",1530000,"-3,53%""","336,00",,"34,41109785","3,672259099"
29.10.2020,"3.302,25","3.278,75","3.333,75","3.250,25",1360000,"1,19%""","337,00",,"33,49176611","3,574150507"
30.10.2020,"3.264,75","3.268,25","3.296,25","3.225,00",1730000,"-1,14%""","338,00",,"33,38451074","3,562704505"
02.11.2020,"3.300,50","3.262,25","3.323,50","3.243,25",1310000,"1,10%""","339,00",,"33,32322196","3,511823739"
03.11.2020,"3.361,50","3.304,25","3.382,75","3.301,25",1060000,"1,85%""","340,00",,"33,75224344","3,557036888"
04.11.2020,"3.435,00","3.362,50","3.480,00","3.319,25",1500000,"2,19%""","341,00",,"34,34725537","3,619743221"
05.11.2020,"3.504,75","3.447,75","3.522,50","3.428,00",1110000,"2,03%""","342,00",,"35,21806683","3,711515149"
06.11.2020,"3.500,75","3.509,00","3.519,00","3.456,50",1100000,"-0,11%""","343,00",,"35,84372315","3,777450992"
09.11.2020,"3.544,00","3.522,50","3.668,75","3.515,75",1810000,"1,24%""","344,00",,"35,98162291","3,79198379"
10.11.2020,"3.541,00","3.549,25","3.562,75","3.506,25",1650000,"-0,08%""","345,00",,"36,25486874","3,820780261"
11.11.2020,"3.568,00","3.546,50","3.576,75","3.530,75",978070,"0,76%""","346,00",,"36,22677804","3,817819876"
12.11.2020,"3.532,50","3.574,50","3.575,00","3.513,00",1210000,"-0,99%""","347,00",,"36,51279236","3,847961975"
13.11.2020,"3.582,00","3.538,00","3.590,00","3.518,25",827960,"1,40%""","348,00",,"36,13995227","3,808669596"
16.11.2020,"3.623,00","3.586,75","3.636,75","3.586,00",853040,"1,14%""","349,00",,"36,63792363","3,861149144"
17.11.2020,"3.606,75","3.626,00","3.630,00","3.584,00",923520,"-0,45%""","350,00",,"37,03885442","3,903401909"
18.11.2020,"3.565,00","3.603,75","3.623,25","3.556,00",974850,"-1,16%""","351,00",,"36,81157518","3,879449705"
19.11.2020,"3.580,00","3.561,75","3.582,50","3.542,00",891720,"0,42%""","352,00",,"36,3825537","3,834236555"
20.11.2020,"3.554,25","3.560,50","3.582,50","3.542,50",754970,"-0,72%""","353,00",,"36,3697852","3,832890926"
23.11.2020,"3.576,00","3.546,25","3.596,00","3.545,00",755340,"0,61%""","354,00",,"36,22422434","3,81755075"
24.11.2020,"3.632,75","3.576,25","3.640,00","3.575,25",763420,"1,59%""","355,00",,"36,53066826","3,849845857"
25.11.2020,"3.627,25","3.635,75","3.655,00","3.615,25",703800,"-0,15%""","356,00",,"37,13844869","3,913897819"
27.11.2020,"3.636,50","3.629,25","3.642,75","3.612,75",347830,"0,26%""","357,00",,"37,07205251","3,906900545"
30.11.2020,"3.623,25","3.644,00","3.651,75","3.592,25",993930,"-0,36%""","358,00",,"37,22272076","3,957535362"
01.12.2020,"3.660,50","3.631,25","3.677,50","3.625,75",839880,"1,03%""","359,00",,"37,0924821","3,943688332"
02.12.2020,"3.667,25","3.661,00","3.672,75","3.642,25",678580,"0,18%""","360,00",,"37,39637232","3,975998068"
03.12.2020,"3.664,50","3.671,00","3.682,00","3.655,25",716870,"-0,07%""","361,00",,"37,49852029","3,986858483"
04.12.2020,"3.698,00","3.668,00","3.700,00","3.665,50",567170,"0,91%""","362,00",,"37,46787589","3,983600359"
07.12.2020,"3.690,75","3.695,00","3.705,00","3.672,25",664940,"-0,20%""","363,00",,"37,74367542","4,01292348"
08.12.2020,"3.702,00","3.682,25","3.708,00","3.664,00",672060,"0,30%""","364,00",,"37,61343675","3,999076451"
09.12.2020,"3.672,50","3.707,25","3.715,00","3.659,25",1140000,"-0,80%""","365,00",,"37,86880668","4,026227489"
10.12.2020,"3.668,50","3.669,75","3.681,25","3.644,00",918120,"-0,11%""","366,00",,"37,48575179","3,985500931"
11.12.2020,"3.661,25","3.668,75","3.675,00","3.628,00",296530,"-0,20%""","367,00",,"37,47553699","3,98441489"
14.12.2020,"3.646,50","3.677,50","3.698,50","3.644,25",221320,"-0,40%""","368,00",,"37,56491647","3,993917753"
15.12.2020,"3.694,50","3.652,25","3.695,75","3.642,75",115720,"1,32%""","369,00",,"37,30699284","3,966495205"
16.12.2020,"3.700,75","3.695,00","3.711,50","3.687,25",79520,"0,17%""","370,00",,"37,74367542","4,01292348"
17.12.2020,"3.721,25","3.703,25","3.727,00","3.699,50",62060,"0,55%""","371,00",,"37,82794749","4,021883323"
18.12.2020,"3.726,25","3.722,25","3.748,25","3.708,00",6740,"0,13%""","372,00",,"38,02202864","4,042518112"
21.12.2020,"3.685,75","3.718,00","3.724,25","3.596,00",1300000,"-1,09%""","373,00",,"37,97861575","4,037902436"
22.12.2020,"3.677,25","3.684,75","3.695,25","3.663,75",869270,"-0,23%""","374,00",,"37,63897375","4,001791555"
23.12.2020,"3.681,50","3.674,50","3.701,50","3.651,00",639740,"0,12%""","375,00",,"37,53427208","3,990659629"
24.12.2020,"3.695,00","3.684,00","3.696,25","3.679,00",197950,"0,37%""","376,00",,"37,63131265","4,000977023"
28.12.2020,"3.727,50","3.682,25","3.732,25","3.675,00",473810,"0,88%""","377,00",,"37,61343675","3,999076451"
29.12.2020,"3.720,00","3.730,00","3.747,75","3.714,50",650390,"-0,20%""","378,00",,"38,10119332","4,050934934"
30.12.2020,"3.724,25","3.724,25","3.738,25","3.716,50",457570,"0,11%""","379,00",,"38,04245823","4,044690195"
31.12.2020,"3.748,75","3.725,00","3.753,00","3.715,00",400960,"0,66%""","380,00","39,90","39,64721574","4,024341447"
04.01.2021,"3.692,25","3.748,50","3.773,25","3.652,50",1290000,"-1,51%""","381,00",,"39,89733911","4,04972991"
05.01.2021,"3.718,25","3.695,00","3.729,75","3.673,25",961750,"0,70%""","382,00",,"39,3279093","3,991930644"
06.01.2021,"3.740,50","3.716,75","3.774,75","3.685,50",1420000,"0,60%""","383,00",,"39,55940647","4,015428476"
07.01.2021,"3.795,50","3.751,50","3.804,00","3.742,00",760420,"1,47%""","384,00",,"39,92926976","4,05297099"
08.01.2021,"3.817,50","3.797,50","3.824,25","3.775,25",1040000,"0,58%""","385,00",,"40,41887296","4,102667556"
11.01.2021,"3.792,00","3.815,75","3.820,75","3.776,25",804540,"-0,67%""","386,00",,"40,61311771","4,122384128"
12.01.2021,"3.794,50","3.793,75","3.806,75","3.767,75",848850,"0,07%""","387,00",,"40,37895965","4,098616205"
13.01.2021,"3.803,75","3.792,50","3.813,50","3.776,50",703890,"0,24%""","388,00",,"40,36565522","4,097265755"
14.01.2021,"3.791,25","3.807,50","3.817,75","3.786,25",709840,"-0,33%""","389,00",,"40,52530844","4,113471157"
15.01.2021,"3.762,25","3.792,75","3.797,75","3.741,50",1070000,"-0,76%""","390,00",,"40,36831611","4,097535845"
19.01.2021,"3.790,50","3.750,25","3.797,00","3.741,00",767210,"0,75%""","391,00",,"39,91596532","4,05162054"
20.01.2021,"3.845,00","3.795,75","3.852,50","3.788,75",626630,"1,44%""","392,00",,"40,40024675","4,100776926"
21.01.2021,"3.846,00","3.841,25","3.859,75","3.836,50",553430,"0,03%""","393,00",,"40,88452818","4,149933311"
22.01.2021,"3.834,25","3.846,50","3.849,50","3.813,50",630790,"-0,31%""","394,00",,"40,9404068","4,155605202"
25.01.2021,"3.848,50","3.835,00","3.853,50","3.788,50",1190000,"0,37%""","395,00",,"40,818006","4,14318106"
26.01.2021,"3.842,50","3.845,25","3.862,50","3.821,50",779410,"-0,16%""","396,00",,"40,92710237","4,154254752"
27.01.2021,"3.744,25","3.845,50","3.853,00","3.706,25",1610000,"-2,56%""","397,00",,"40,92976325","4,154524842"
28.01.2021,"3.779,25","3.735,00","3.823,75","3.703,25",1450000,"0,93%""","398,00",,"39,75365122","4,035145048"
29.01.2021,"3.705,25","3.769,50","3.777,00","3.685,50",1710000,"-1,96%""","399,00",,"40,12085362","4,072417472"
01.02.2021,"3.765,75","3.692,75","3.777,00","3.657,00",1090000,"1,63%""","400,00",,"39,30396132","3,926381465"
02.02.2021,"3.818,25","3.764,50","3.835,75","3.759,75",923300,"1,39%""","401,00",,"40,06763588","4,002670915"
03.02.2021,"3.823,50","3.829,25","3.843,50","3.807,75",803410,"0,14%""","402,00",,"40,7568056","4,071517493"
04.02.2021,"3.864,50","3.833,00","3.869,75","3.811,50",683460,"1,07%""","403,00",,"40,79671891","4,075504747"
05.02.2021,"3.880,25","3.864,00","3.888,50","3.860,00",605140,"0,41%""","404,00",,"41,12666889","4,108466043"
08.02.2021,"3.908,00","3.888,25","3.911,25","3.885,50",523550,"0,72%""","405,00",,"41,38477492","4,134250282"
09.02.2021,"3.905,50","3.910,50","3.913,50","3.895,00",505170,"-0,06%""","406,00",,"41,62159386","4,157907986"
10.02.2021,"3.903,00","3.912,00","3.928,25","3.878,50",1050000,"-0,06%""","407,00",,"41,63755919","4,159502888"
11.02.2021,"3.912,00","3.906,75","3.920,75","3.884,50",845450,"0,23%""","408,00",,"41,58168056","4,153920733"
12.02.2021,"3.931,00","3.905,50","3.936,25","3.890,25",538150,"0,49%""","409,00",,"41,56837613","4,152591648"
16.02.2021,"3.927,75","3.936,25","3.959,25","3.918,75",846600,"-0,08%""","410,00",,"41,89566522","4,185287127"
17.02.2021,"3.928,00","3.929,50","3.932,50","3.896,50",844380,"0,01%""","411,00",,"41,82382127","4,178110071"
18.02.2021,"3.909,50","3.928,00","3.936,00","3.880,50",891820,"-0,47%""","412,00",,"41,80785595","4,17651517"
19.02.2021,"3.903,00","3.911,00","3.931,25","3.890,25",776530,"-0,17%""","413,00",,"41,62691564","4,15843962"
22.02.2021,"3.873,50","3.905,00","3.914,25","3.861,25",867790,"-0,76%""","414,00",,"41,56305435","4,152060015"
23.02.2021,"3.878,00","3.877,75","3.895,75","3.804,75",1450000,"0,12%""","415,00",,"41,27301767","4,123085972"
24.02.2021,"3.922,50","3.876,50","3.927,75","3.851,75",1170000,"1,15%""","416,00",,"41,25971324","4,121756888"
25.02.2021,"3.828,00","3.923,75","3.934,50","3.810,25",1780000,"-2,41%""","417,00",,"41,76262087","4,171996282"
26.02.2021,"3.809,25","3.823,00","3.858,75","3.785,00",1910000,"-0,49%""","418,00",,"40,69028343","4,064872071"
01.03.2021,"3.898,75","3.817,00","3.912,00","3.812,50",963060,"2,35%""","419,00",,"40,62642214","4,022841424"
02.03.2021,"3.867,50","3.903,00","3.906,75","3.865,75",1240000,"-0,80%""","420,00",,"41,54176726","4,113479192"
03.03.2021,"3.816,75","3.867,75","3.897,75","3.813,00",1540000,"-1,31%""","421,00",,"41,16658219","4,076328246"
04.03.2021,"3.765,50","3.817,75","3.842,00","3.720,50",2210000,"-1,34%""","422,00",,"40,6344048","4,023631869"
05.03.2021,"3.839,00","3.765,00","3.850,00","3.728,50",2200000,"1,95%""","423,00",,"40,07295765","3,968037191"
08.03.2021,"3.819,25","3.854,50","3.879,25","3.796,25",1590000,"-0,51%""","424,00",,"41,02555519","4,062363706"
09.03.2021,"3.873,25","3.831,50","3.901,25","3.826,25",943070,"1,41%""","425,00",,"40,78075358","4,038123373"
10.03.2021,"3.896,50","3.877,00","3.916,25","3.856,75",1130000,"0,60%""","426,00",,"41,26503501","4,086077076"
11.03.2021,"3.936,75","3.908,75","3.958,50","3.893,00",731690,"1,03%""","427,00",,"41,60296766","4,119539275"
12.03.2021,"3.942,25","3.937,25","3.947,75","3.910,00",350590,"0,14%""","428,00",,"41,90630877","4,14957621"
15.03.2021,"3.967,50","3.946,00","3.969,75","3.922,00",149590,"0,64%""","429,00",,"41,99943981","4,158798076"
16.03.2021,"3.962,50","3.966,25","3.980,25","3.952,75",118250,"-0,13%""","430,00",,"42,21497166","4,180140109"
17.03.2021,"3.974,00","3.965,50","3.983,75","3.935,25",118710,"0,29%""","431,00",,"42,206989","4,179349663"
18.03.2021,"3.916,50","3.971,75","3.988,50","3.907,50",93290,"-1,45%""","432,00",,"42,27351117","4,18593671"
19.03.2021,"3.912,62","3.921,25","3.934,50","3.906,75",5170,"-0,10%""","433,00",,"41,736012","4,13271337"
22.03.2021,"3.930,00","3.893,75","3.944,50","3.885,00",756430,"0,44%""","434,00",,"41,44331444","4,103730362"
23.03.2021,"3.899,75","3.933,00","3.938,75","3.890,50",1140000,"-0,77%""","435,00",,"41,86107369","4,145097018"
24.03.2021,"3.880,75","3.905,50","3.931,75","3.877,50",1170000,"-0,49%""","436,00",,"41,56837613","4,116114011"
25.03.2021,"3.900,50","3.883,00","3.909,50","3.843,25",1450000,"0,51%""","437,00",,"41,3288963","4,092400641"
26.03.2021,"3.964,75","3.907,75","3.967,75","3.900,75",1040000,"1,65%""","438,00",,"41,59232411","4,118485348"
29.03.2021,"3.959,00","3.961,50","3.971,25","3.929,00",1380000,"-0,15%""","439,00",,"42,1644148","4,175133953"
30.03.2021,"3.947,75","3.964,25","3.969,00","3.933,75",1060000,"-0,28%""","440,00",,"42,19368456","4,178032254"
31.03.2021,"3.967,50","3.949,50","3.983,75","3.941,50",764410,"0,50%""","441,00","30,99","30,84940265","4,26356862"
01.04.2021,"4.010,00","3.967,00","4.015,25","3.964,50",673490,"1,07%""","442,00",,"30,98609452","4,282460239"
02.04.2021,"4.010,00","4.014,25","4.038,25","4.012,50",39810,"0,00%""","443,00",,"31,35516257","4,333467612"
05.04.2021,"4.067,75","4.028,50","4.073,75","4.021,00",589360,"1,44%""","444,00",,"31,46646881","4,348850788"
06.04.2021,"4.064,00","4.070,00","4.076,00","4.052,25",732330,"-0,09%""","445,00",,"31,79062382","4,393650914"
07.04.2021,"4.070,00","4.067,00","4.075,75","4.056,50",669470,"0,15%""","446,00",,"31,76719093","4,39041235"
08.04.2021,"4.089,00","4.075,00","4.098,50","4.072,50",591200,"0,47%""","447,00",,"31,82967864","4,399048519"
09.04.2021,"4.119,50","4.098,00","4.121,50","4.081,00",626180,"0,75%""","448,00",,"32,00933081","4,423877505"
12.04.2021,"4.120,25","4.114,00","4.124,25","4.104,50",665460,"0,02%""","449,00",,"32,13430624","4,441149842"
13.04.2021,"4.132,75","4.122,50","4.139,75","4.101,25",646010,"0,30%""","450,00",,"32,20069943","4,450325772"
14.04.2021,"4.118,00","4.134,50","4.143,75","4.113,00",1030000,"-0,36%""","451,00",,"32,294431","4,463280025"
15.04.2021,"4.162,50","4.123,25","4.166,75","4.119,50",656640,"1,08%""","452,00",,"32,20655766","4,451135413"
16.04.2021,"4.176,25","4.162,50","4.183,50","4.154,25",694850,"0,33%""","453,00",,"32,513138","4,493506616"
19.04.2021,"4.155,50","4.165,50","4.174,75","4.142,00",1020000,"-0,50%""","454,00",,"32,53657089","4,49674518"
20.04.2021,"4.126,50","4.156,50","4.167,50","4.110,50",1140000,"-0,70%""","455,00",,"32,46627221","4,48702949"
21.04.2021,"4.164,75","4.120,75","4.167,25","4.112,75",849640,"0,93%""","456,00",,"32,18703025","4,44843661"
22.04.2021,"4.127,75","4.157,75","4.171,75","4.115,25",1320000,"-0,89%""","457,00",,"32,47603592","4,488378891"
23.04.2021,"4.171,50","4.129,75","4.186,75","4.127,50",756480,"1,06%""","458,00",,"32,25732892","4,4581523"
26.04.2021,"4.179,50","4.170,50","4.186,00","4.163,25",557350,"0,19%""","459,00",,"32,57562571","4,502142785"
27.04.2021,"4.179,00","4.181,50","4.191,75","4.166,75",572040,"-0,01%""","460,00",,"32,66154631","4,514017517"
28.04.2021,"4.176,25","4.180,50","4.194,00","4.170,25",675030,"-0,07%""","461,00",,"32,65373535","4,512937996"
29.04.2021,"4.203,50","4.185,00","4.210,75","4.168,00",959970,"0,65%""","462,00",,"32,68888469","4,517795841"
30.04.2021,"4.174,50","4.200,50","4.201,25","4.167,25",945130,"-0,69%""","463,00",,"32,80995463","4,536077135"
03.05.2021,"4.185,75","4.181,25","4.202,50","4.181,00",656270,"0,27%""","464,00",,"32,65959357","4,515289256"
04.05.2021,"4.158,25","4.184,00","4.185,75","4.120,50",1200000,"-0,66%""","465,00",,"32,68107372","4,518258953"
05.05.2021,"4.160,00","4.158,50","4.180,00","4.153,00",797760,"0,04%""","466,00",,"32,48189414","4,490721763"
06.05.2021,"4.194,25","4.159,00","4.197,00","4.140,50",1090000,"0,82%""","467,00",,"32,48579962","4,491261708"
07.05.2021,"4.225,25","4.196,50","4.232,25","4.191,75",788470,"0,74%""","468,00",,"32,77871078","4,531757576"
10.05.2021,"4.183,50","4.226,50","4.238,00","4.172,00",929360,"-0,99%""","469,00",,"33,0130397","4,56415427"
11.05.2021,"4.146,25","4.177,00","4.185,50","4.103,75",1590000,"-0,89%""","470,00",,"32,62639698","4,510699725"
12.05.2021,"4.058,75","4.140,25","4.150,25","4.051,00",1630000,"-2,11%""","471,00",,"32,33934405","4,471013774"
13.05.2021,"4.107,00","4.053,75","4.126,75","4.029,25",1390000,"1,19%""","472,00",,"31,66369565","4,377603306"
14.05.2021,"4.169,00","4.112,25","4.178,25","4.104,75",741720,"1,51%""","473,00",,"32,12063705","4,44077686"
17.05.2021,"4.157,75","4.169,25","4.178,75","4.136,50",840520,"-0,27%""","474,00",,"32,565862","4,502330579"
18.05.2021,"4.123,00","4.159,50","4.179,50","4.111,75",754370,"-0,84%""","475,00",,"32,4897051","4,491801653"
19.05.2021,"4.111,50","4.114,25","4.123,00","4.055,75",1330000,"-0,28%""","476,00",,"32,13625898","4,442936639"
20.05.2021,"4.154,25","4.108,00","4.169,00","4.084,50",866590,"1,04%""","477,00",,"32,08744045","4,436187328"
21.05.2021,"4.151,75","4.152,75","4.185,00","4.147,00",905340,"-0,06%""","478,00",,"32,4369811","4,484512397"
24.05.2021,"4.193,75","4.151,25","4.206,25","4.142,50",565610,"1,01%""","479,00",,"32,42526465","4,482892562"
25.05.2021,"4.185,50","4.199,50","4.212,75","4.179,25",750390,"-0,20%""","480,00",,"32,80214367","4,534997245"
26.05.2021,"4.193,00","4.188,25","4.204,50","4.180,50",613010,"0,18%""","481,00",,"32,71427032","4,522848485"
27.05.2021,"4.199,00","4.193,25","4.211,50","4.177,75",631350,"0,14%""","482,00",,"32,75332514","4,528247934"
28.05.2021,"4.202,50","4.211,50","4.217,75","4.201,00",525230,"0,08%""","483,00",,"32,89587524","4,547955923"
01.06.2021,"4.198,50","4.206,50","4.230,00","4.189,75",807350,"-0,10%""","484,00",,"32,85682042","4,54163737"
02.06.2021,"4.206,25","4.198,25","4.215,00","4.190,75",660610,"0,18%""","485,00",,"32,79237996","4,532730082"
03.06.2021,"4.191,25","4.207,50","4.213,50","4.165,00",872100,"-0,36%""","486,00",,"32,86463138","4,542717042"
04.06.2021,"4.228,25","4.191,00","4.232,00","4.177,00",571090,"0,88%""","487,00",,"32,73575047","4,524902465"
07.06.2021,"4.225,50","4.232,00","4.234,50","4.214,00",598200,"-0,07%""","488,00",,"33,056","4,569168989"
08.06.2021,"4.225,75","4.227,50","4.236,75","4.206,00",752120,"0,01%""","489,00",,"33,02085066","4,564310468"
09.06.2021,"4.218,50","4.225,75","4.235,50","4.217,00",561990,"-0,17%""","490,00",,"33,00718147","4,562421043"
10.06.2021,"4.238,00","4.222,25","4.249,00","4.207,00",737330,"0,46%""","491,00",,"32,9798431","4,558642194"
11.06.2021,"4.245,75","4.240,00","4.247,75","4.230,75",147390,"0,18%""","492,00",,"33,11848771","4,577806359"
14.06.2021,"4.254,75","4.246,50","4.257,50","4.233,50",82900,"0,21%""","493,00",,"33,16925898","4,584824223"
15.06.2021,"4.246,50","4.255,25","4.267,50","4.238,00",61520,"-0,19%""","494,00",,"33,23760491","4,594271347"
16.06.2021,"4.223,00","4.248,00","4.251,25","4.200,75",69820,"-0,55%""","495,00",,"33,18097543","4,58644373"
17.06.2021,"4.222,25","4.214,25","4.232,50","4.192,75",74670,"-0,02%""","496,00",,"32,91735539","4,550004823"
18.06.2021,"4.187,25","4.222,75","4.231,50","4.183,75",5070,"-0,83%""","497,00",,"32,98374858","4,559182029"
21.06.2021,"4.213,75","4.142,50","4.219,75","4.126,50",724710,"0,63%""","498,00",,"32,35691871","4,472538407"
22.06.2021,"4.236,25","4.219,00","4.245,25","4.205,75",524090,"0,53%""","499,00",,"32,95445747","4,555133262"
23.06.2021,"4.231,50","4.237,75","4.248,25","4.230,50",431530,"-0,11%""","500,00",,"33,10091304","4,575377099"
24.06.2021,"4.256,00","4.233,75","4.263,25","4.232,00",412380,"0,58%""","501,00",,"33,06966919","4,571058414"
25.06.2021,"4.271,25","4.262,25","4.276,75","4.253,50",388420,"0,36%""","502,00",,"33,29228166","4,601829046"
28.06.2021,"4.280,50","4.275,00","4.282,00","4.264,25",439460,"0,22%""","503,00",,"33,39187146","4,615594855"
29.06.2022,"4.282,00","4.281,25","4.291,00","4.271,50","448,50K","0,00","504,00","0,00","33,44068998","4,622342801"